--insert into ENDERECO (ID, BAIRRO, CIDADE, LOGRADOURO, NUMERO, UF) values (1, 'bairro', 'cidade', 'logradouro', 'numero', 'uf');

--Inserindo dados de teste para endereço
insert into ENDERECO (ID, BAIRRO, CIDADE, LOGRADOURO, NUMERO, UF) values (1, 'Jardim Paquetá', 'Belo Horizonte', 'Rua Susana Maria', '1212', 'MG');
insert into ENDERECO (ID, BAIRRO, CIDADE, LOGRADOURO, NUMERO, UF) values (2, 'Jardins Paulista', 'São Paulo', 'Alameda Santos', '3500', 'SP');
insert into ENDERECO (ID, BAIRRO, CIDADE, LOGRADOURO, NUMERO, UF) values (3, 'Jardins Paulista', 'São Paulo', 'Alameda Jau', '1250', 'SP');


--Inserindo dados de teste para cliente

insert into CLIENTE (ID, CPF, DATA_NASCIMENTO, NOME, ID_ENDERECO) values (1, '123', '1976-09-12T15:39:52.160Z', 'Aluno Teste A', '1');
insert into CLIENTE (ID, CPF, DATA_NASCIMENTO, NOME, ID_ENDERECO) values (2, '456', '1980-07-26T08:39:45.160Z', 'Aluno Teste B', '2');

--Inserindo dados de teste para instalação

insert into INSTALACAO (ID, CODIGO, DATA_INSTALACAO, ID_CLIENTE, ID_ENDERECO) values (1, 'INST-001', '1999-07-26T08:39:45.160Z', '1', '2');
insert into INSTALACAO (ID, CODIGO, DATA_INSTALACAO, ID_CLIENTE, ID_ENDERECO) values (2, 'INST-002', '2020-06-26T08:39:45.160Z', '2', '2');
insert into INSTALACAO (ID, CODIGO, DATA_INSTALACAO, ID_CLIENTE, ID_ENDERECO) values (3, 'INST-003', '2019-09-15T08:39:45.160Z', '2', '3');


--Inserindo dados de teste para faturas

insert into FATURA (ID, CODIGO, DATA_LEITURA, DATA_VENCIMENTO, NUMERO_LEITURA, VALOR_CONTA, ID_INSTALACAO) values (1, 'FAT001', '2019-01-01T10:42:45.160Z', '2019-01-10T10:42:45.160Z','100999', '100', '1');
insert into FATURA (ID, CODIGO, DATA_LEITURA, DATA_VENCIMENTO, NUMERO_LEITURA, VALOR_CONTA, ID_INSTALACAO) values (2, 'FAT-002', '2019-02-01T10:42:45.160Z', '2019-02-10T10:42:45.160Z','101234', '255.20', '1');
insert into FATURA (ID, CODIGO, DATA_LEITURA, DATA_VENCIMENTO, NUMERO_LEITURA, VALOR_CONTA, ID_INSTALACAO) values (3, 'FAT-003', '2019-03-01T10:42:45.160Z', '2019-03-10T10:42:45.160Z','101334', '189.10', '1');
insert into FATURA (ID, CODIGO, DATA_LEITURA, DATA_VENCIMENTO, NUMERO_LEITURA, VALOR_CONTA, ID_INSTALACAO) values (4, 'FAT-004', '2019-04-01T10:42:45.160Z', '2019-04-10T10:42:45.160Z','101534', '100.99', '1');
insert into FATURA (ID, CODIGO, DATA_LEITURA, DATA_VENCIMENTO, NUMERO_LEITURA, VALOR_CONTA, ID_INSTALACAO) values (5, 'FAT-005', '2019-05-01T10:42:45.160Z', '2019-05-10T10:42:45.160Z','101834', '350.85', '1');
insert into FATURA (ID, CODIGO, DATA_LEITURA, DATA_VENCIMENTO, NUMERO_LEITURA, VALOR_CONTA, ID_INSTALACAO) values (6, 'FAT-006', '2019-06-01T10:42:45.160Z', '2019-06-10T10:42:45.160Z','102034', '112.12', '1');
insert into FATURA (ID, CODIGO, DATA_LEITURA, DATA_VENCIMENTO, NUMERO_LEITURA, VALOR_CONTA, ID_INSTALACAO) values (7, 'FAT-007', '2019-07-01T10:42:45.160Z', '2019-07-10T10:42:45.160Z','100000', '399', '2');
insert into FATURA (ID, CODIGO, DATA_LEITURA, DATA_VENCIMENTO, NUMERO_LEITURA, VALOR_CONTA, ID_INSTALACAO) values (8, 'FAT-008', '2019-08-01T10:42:45.160Z', '2019-08-10T10:42:45.160Z','100250', '898.76', '2');
insert into FATURA (ID, CODIGO, DATA_LEITURA, DATA_VENCIMENTO, NUMERO_LEITURA, VALOR_CONTA, ID_INSTALACAO) values (9, 'FAT-009', '2019-09-01T10:42:45.160Z', '2019-09-10T10:42:45.160Z','100650', '1504.26', '2');
insert into FATURA (ID, CODIGO, DATA_LEITURA, DATA_VENCIMENTO, NUMERO_LEITURA, VALOR_CONTA, ID_INSTALACAO) values (10, 'FAT-0010', '2019-010-01T10:42:45.160Z', '2019-10-10T10:42:45.160Z','102134', '200', '1');
insert into FATURA (ID, CODIGO, DATA_LEITURA, DATA_VENCIMENTO, NUMERO_LEITURA, VALOR_CONTA, ID_INSTALACAO) values (11, 'FAT-0011', '2019-11-01T10:42:45.160Z', '2019-11-10T10:42:45.160Z','1102334', '450', '1');
insert into FATURA (ID, CODIGO, DATA_LEITURA, DATA_VENCIMENTO, NUMERO_LEITURA, VALOR_CONTA, ID_INSTALACAO) values (12, 'FAT-0012', '2019-12-01T10:42:45.160Z', '2019-12-10T10:42:45.160Z','1102534', '909.87', '1');
insert into FATURA (ID, CODIGO, DATA_LEITURA, DATA_VENCIMENTO, NUMERO_LEITURA, VALOR_CONTA, ID_INSTALACAO) values (13, 'FAT-0013', '2020-01-01T10:42:45.160Z', '2020-01-10T10:42:45.160Z','1102834', '395', '1');
insert into FATURA (ID, CODIGO, DATA_LEITURA, DATA_VENCIMENTO, NUMERO_LEITURA, VALOR_CONTA, ID_INSTALACAO) values (14, 'FAT-0014', '2020-02-01T10:42:45.160Z', '2020-02-10T10:42:45.160Z','000999', '865', '3');
insert into FATURA (ID, CODIGO, DATA_LEITURA, DATA_VENCIMENTO, NUMERO_LEITURA, VALOR_CONTA, ID_INSTALACAO) values (15, 'FAT-0015', '2020-03-01T10:42:45.160Z', '2020-03-10T10:42:45.160Z','001199', '893', '3');
insert into FATURA (ID, CODIGO, DATA_LEITURA, DATA_VENCIMENTO, NUMERO_LEITURA, VALOR_CONTA, ID_INSTALACAO) values (16, 'FAT-0016', '2020-04-01T10:42:45.160Z', '2020-04-10T10:42:45.160Z','1102934', '840', '1');